{"count":1,"self":45.487494399999996,"total":600.5616335,"children":{"InitializeActuators":{"count":6,"self":0.0029871999999999998,"total":0.0029871999999999998,"children":null},"InitializeSensors":{"count":6,"self":0.0040639,"total":0.0040639,"children":null},"AgentSendState":{"count":39901,"self":2.7613032,"total":3.7252365,"children":{"CollectObservations":{"count":47886,"self":0.0551488,"total":0.0551488,"children":null},"WriteActionMask":{"count":47886,"self":0.026428899999999998,"total":0.026428899999999998,"children":null},"RequestDecision":{"count":47886,"self":0.165993,"total":0.88235559999999991,"children":{"AgentInfo.ToProto":{"count":47886,"self":0.1235575,"total":0.7163626,"children":{"GenerateSensorData":{"count":47886,"self":0.48885439999999997,"total":0.5928051,"children":{"RayPerceptionSensor.Perceive":{"count":47886,"self":0.1039507,"total":0.1039507,"children":null}}}}}}}}},"DecideAction":{"count":39901,"self":550.8058624,"total":550.80587989999992,"children":null},"AgentAct":{"count":39901,"self":0.48128139999999997,"total":0.48128139999999997,"children":null},"AgentInfo.ToProto":{"count":2242,"self":0.0199097,"total":0.054688799999999996,"children":{"GenerateSensorData":{"count":2242,"self":0.029682999999999998,"total":0.0347791,"children":{"RayPerceptionSensor.Perceive":{"count":2242,"self":0.0050961,"total":0.0050961,"children":null}}}}}},"gauges":{"Hunter.CumulativeReward":{"count":1095,"max":4.46721458,"min":-2.00820136,"runningAverage":0.5672076,"value":-1.0012,"weightedAverage":0.166826919},"Predator.CumulativeReward":{"count":1147,"max":1.99900007,"min":-0.6068007,"runningAverage":0.787788332,"value":0.9988,"weightedAverage":0.829210043}},"metadata":{"timer_format_version":"0.1.0","start_time_seconds":"1774371043","unity_version":"6000.0.60f1","command_line_arguments":"C:\\Program Files\\Unity\\Hub\\Editor\\6000.0.60f1\\Editor\\Unity.exe -projectpath C:\\school\\programming\\J2S2-25-26\\vr-experience\\repos\\ml-agents_hunter -acceptSoftwareTermsForThisRunOnly -useHub -hubIPC -cloudEnvironment production","communication_protocol_version":"1.5.0","com.unity.ml-agents_version":"4.0.2","scene_name":"hunter","end_time_seconds":"1774371644"}}