{
    "name": "root",
    "gauges": {
        "Hunter.Policy.Entropy.mean": {
            "value": 1.2819944620132446,
            "min": 1.2811650037765503,
            "max": 1.2951269149780273,
            "count": 24
        },
        "Hunter.Policy.Entropy.sum": {
            "value": 1192.2548828125,
            "min": 904.6227416992188,
            "max": 1371.444091796875,
            "count": 24
        },
        "Hunter.Environment.EpisodeLength.mean": {
            "value": 23.425,
            "min": 14.725806451612904,
            "max": 28.13157894736842,
            "count": 24
        },
        "Hunter.Environment.EpisodeLength.sum": {
            "value": 937.0,
            "min": 624.0,
            "max": 1141.0,
            "count": 24
        },
        "Hunter.Step.mean": {
            "value": 84987.0,
            "min": 61986.0,
            "max": 84987.0,
            "count": 24
        },
        "Hunter.Step.sum": {
            "value": 84987.0,
            "min": 61986.0,
            "max": 84987.0,
            "count": 24
        },
        "Hunter.Policy.ExtrinsicValueEstimate.mean": {
            "value": 0.34011974930763245,
            "min": 0.16787606477737427,
            "max": 0.5045587420463562,
            "count": 24
        },
        "Hunter.Policy.ExtrinsicValueEstimate.sum": {
            "value": 14.965269088745117,
            "min": 8.061697006225586,
            "max": 23.03649139404297,
            "count": 24
        },
        "Hunter.Environment.CumulativeReward.mean": {
            "value": 0.5517800946254283,
            "min": 0.08911622964566754,
            "max": 1.0255299194439038,
            "count": 24
        },
        "Hunter.Environment.CumulativeReward.sum": {
            "value": 22.071203785017133,
            "min": 5.525206238031387,
            "max": 39.413606299087405,
            "count": 24
        },
        "Hunter.Policy.ExtrinsicReward.mean": {
            "value": 0.5517800946254283,
            "min": 0.08911622964566754,
            "max": 1.0255299194439038,
            "count": 24
        },
        "Hunter.Policy.ExtrinsicReward.sum": {
            "value": 22.071203785017133,
            "min": 5.525206238031387,
            "max": 39.413606299087405,
            "count": 24
        },
        "Hunter.Losses.PolicyLoss.mean": {
            "value": 0.2355479433762439,
            "min": 0.22656192829230198,
            "max": 0.2603830972895734,
            "count": 24
        },
        "Hunter.Losses.PolicyLoss.sum": {
            "value": 1.8843835470099513,
            "min": 1.2439543721181425,
            "max": 2.2329482481604432,
            "count": 24
        },
        "Hunter.Losses.ValueLoss.mean": {
            "value": 0.5298442151885716,
            "min": 0.40575474085281504,
            "max": 0.6735329479914465,
            "count": 24
        },
        "Hunter.Losses.ValueLoss.sum": {
            "value": 4.238753721508573,
            "min": 3.2460379268225203,
            "max": 5.388263583931572,
            "count": 24
        },
        "Hunter.Policy.LearningRate.mean": {
            "value": 4.6393959535375005e-05,
            "min": 4.6393959535375005e-05,
            "max": 0.0001147662617446,
            "count": 24
        },
        "Hunter.Policy.LearningRate.sum": {
            "value": 0.00037115167628300004,
            "min": 0.00037115167628300004,
            "max": 0.000899343500219,
            "count": 24
        },
        "Hunter.Policy.Epsilon.mean": {
            "value": 0.11546462500000002,
            "min": 0.11546462500000002,
            "max": 0.13825539999999997,
            "count": 24
        },
        "Hunter.Policy.Epsilon.sum": {
            "value": 0.9237170000000001,
            "min": 0.6912769999999999,
            "max": 1.1566020000000001,
            "count": 24
        },
        "Hunter.Policy.Beta.mean": {
            "value": 0.005000000000000001,
            "min": 0.005000000000000001,
            "max": 0.005000000000000001,
            "count": 24
        },
        "Hunter.Policy.Beta.sum": {
            "value": 0.04000000000000001,
            "min": 0.025000000000000005,
            "max": 0.04500000000000001,
            "count": 24
        },
        "Hunter.IsTraining.mean": {
            "value": 1.0,
            "min": 1.0,
            "max": 1.0,
            "count": 24
        },
        "Hunter.IsTraining.sum": {
            "value": 1.0,
            "min": 1.0,
            "max": 1.0,
            "count": 24
        },
        "Predator.Policy.Entropy.mean": {
            "value": 1.3821876049041748,
            "min": 1.3810218572616577,
            "max": 1.38553786277771,
            "count": 24
        },
        "Predator.Policy.Entropy.sum": {
            "value": 1285.4344482421875,
            "min": 966.44873046875,
            "max": 1465.317138671875,
            "count": 24
        },
        "Predator.Environment.EpisodeLength.mean": {
            "value": 22.829268292682926,
            "min": 14.492063492063492,
            "max": 25.13953488372093,
            "count": 24
        },
        "Predator.Environment.EpisodeLength.sum": {
            "value": 936.0,
            "min": 621.0,
            "max": 1141.0,
            "count": 24
        },
        "Predator.Step.mean": {
            "value": 84987.0,
            "min": 61986.0,
            "max": 84987.0,
            "count": 24
        },
        "Predator.Step.sum": {
            "value": 84987.0,
            "min": 61986.0,
            "max": 84987.0,
            "count": 24
        },
        "Predator.Policy.ExtrinsicValueEstimate.mean": {
            "value": 0.6797906160354614,
            "min": 0.48954421281814575,
            "max": 0.7047788500785828,
            "count": 24
        },
        "Predator.Policy.ExtrinsicValueEstimate.sum": {
            "value": 30.590578079223633,
            "min": 15.319093704223633,
            "max": 45.00942611694336,
            "count": 24
        },
        "Predator.Environment.CumulativeReward.mean": {
            "value": 0.8188243971728697,
            "min": 0.6058952446494784,
            "max": 0.8794387154761822,
            "count": 24
        },
        "Predator.Environment.CumulativeReward.sum": {
            "value": 33.57180028408766,
            "min": 20.382200360298157,
            "max": 54.525200359523296,
            "count": 24
        },
        "Predator.Policy.ExtrinsicReward.mean": {
            "value": 0.8188243971728697,
            "min": 0.6058952446494784,
            "max": 0.8794387154761822,
            "count": 24
        },
        "Predator.Policy.ExtrinsicReward.sum": {
            "value": 33.57180028408766,
            "min": 20.382200360298157,
            "max": 54.525200359523296,
            "count": 24
        },
        "Predator.Losses.PolicyLoss.mean": {
            "value": 0.24365867185514029,
            "min": 0.21751124169780614,
            "max": 0.26729287154359727,
            "count": 24
        },
        "Predator.Losses.PolicyLoss.sum": {
            "value": 1.9492693748411223,
            "min": 1.2864497486428872,
            "max": 2.348080472861274,
            "count": 24
        },
        "Predator.Losses.ValueLoss.mean": {
            "value": 0.03526536250154813,
            "min": 0.0270893983459985,
            "max": 0.06791633081399782,
            "count": 24
        },
        "Predator.Losses.ValueLoss.sum": {
            "value": 0.28212290001238505,
            "min": 0.216715186767988,
            "max": 0.6112469773259804,
            "count": 24
        },
        "Predator.Policy.LearningRate.mean": {
            "value": 4.6393959535375005e-05,
            "min": 4.6393959535375005e-05,
            "max": 0.00011478066173980001,
            "count": 24
        },
        "Predator.Policy.LearningRate.sum": {
            "value": 0.00037115167628300004,