{
    "name": "root",
    "metadata": {
        "timer_format_version": "0.1.0",
        "start_time_seconds": "1774364687",
        "python_version": "3.9.25 (main, Nov  3 2025, 22:44:01) [MSC v.1929 64 bit (AMD64)]",
        "command_line_arguments": "C:\\Users\\desal\\anaconda3\\envs\\ML-agents\\Scripts\\mlagents-learn config/HunterAgent.yaml --run-id=Hunter_01 --resume",
        "mlagents_version": "0.30.0",
        "mlagents_envs_version": "0.30.0",
        "communication_protocol_version": "1.5.0",
        "pytorch_version": "1.7.1+cu110",
        "numpy_version": "1.21.2",
        "end_time_seconds": "1774364920"
    },
    "total": 233.31977799999999,
    "count": 1,
    "self": 0.008368799999971088,
    "children": {
        "run_training.setup": {
            "total": 0.15272699999999984,
            "count": 1,
            "self": 0.15272699999999984
        },
        "TrainerController.start_learning": {
            "total": 233.15868220000002,
            "count": 1,
            "self": 0.04851310000017861,
            "children": {
                "TrainerController._reset_env": {
                    "total": 13.2485532,
                    "count": 1,
                    "self": 13.2485532
                },
                "TrainerController.advance": {
                    "total": 219.35015279999985,
                    "count": 1244,
                    "self": 0.05530899999953931,
                    "children": {
                        "env_step": {
                            "total": 201.4062756000002,
                            "count": 1244,
                            "self": 179.80201480000017,
                            "children": {
                                "SubprocessEnvManager._take_step": {
                                    "total": 21.577346100000078,
                                    "count": 1244,
                                    "self": 0.29036740000040595,
                                    "children": {
                                        "TorchPolicy.evaluate": {
                                            "total": 21.286978699999672,
                                            "count": 2442,
                                            "self": 21.286978699999672
                                        }
                                    }
                                },
                                "workers": {
                                    "total": 0.026914699999984748,
                                    "count": 1243,
                                    "self": 0.0,
                                    "children": {
                                        "worker_root": {
                                            "total": 160.35430619999946,
                                            "count": 1243,
                                            "is_parallel": true,
                                            "self": 45.69717869999974,
                                            "children": {
                                                "steps_from_proto": {
                                                    "total": 0.0018397999999990589,
                                                    "count": 2,
                                                    "is_parallel": true,
                                                    "self": 0.0011279000000001815,
                                                    "children": {
                                                        "_process_rank_one_or_two_observation": {
                                                            "total": 0.0007118999999988773,
                                                            "count": 8,
                                                            "is_parallel": true,
                                                            "self": 0.0007118999999988773
                                                        }
                                                    }
                                                },
                                                "UnityEnvironment.step": {
                                                    "total": 114.65528769999972,
                                                    "count": 1243,
                                                    "is_parallel": true,
                                                    "self": 0.24165149999922164,
                                                    "children": {
                                                        "UnityEnvironment._generate_step_input": {
                                                            "total": 0.21118269999983852,
                                                            "count": 1243,
                                                            "is_parallel": true,
                                                            "self": 0.21118269999983852
                                                        },
                                                        "communicator.exchange": {
                                                            "total": 112.90548220000039,
                                                            "count": 1243,
                                                            "is_parallel": true,
                                                            "self": 112.90548220000039
                                                        },
                                                        "steps_from_proto": {
                                                            "total": 1.2969713000002727,
                                                            "count": 2486,
                                                            "is_parallel": true,
                                                            "self": 0.72704480000084,
                                                            "children": {
                                                                "_process_rank_one_or_two_observation": {
                                                                    "total": 0.5699264999994327,
                                                                    "count": 9944,
                                                                    "is_parallel": true,
                                                                    "self": 0.5699264999994327
                                                                }
                                                            }
                                                        }
                                                    }
                                                }
                                            }
                                        }
                                    }
                                }
                            }
                        },
                        "trainer_advance": {
                            "total": 17.88856820000008,
                            "count": 2486,
                            "self": 0.0784578000003684,
                            "children": {
                                "process_trajectory": {
                                    "total": 0.646912899999716,
                                    "count": 2486,
                                    "self": 0.646912899999716
                                },
                                "_update_policy": {
                                    "total": 17.163197499999995,
                                    "count": 18,
                                    "self": 0.9118617000001272,
                                    "children": {
                                        "TorchPPOOptimizer.update": {
                                            "total": 16.251335799999868,
                                            "count": 666,