{
    "name": "root",
    "gauges": {
        "Predator.Policy.Entropy.mean": {
            "value": 1.3120836019515991,
            "min": 1.3108903169631958,
            "max": 1.4281718730926514,
            "count": 375
        },
        "Predator.Policy.Entropy.sum": {
            "value": 2545.442138671875,
            "min": 2512.64501953125,
            "max": 3206.80126953125,
            "count": 375
        },
        "Predator.Environment.EpisodeLength.mean": {
            "value": 8.125,
            "min": 6.317518248175182,
            "max": 55.371428571428574,
            "count": 375
        },
        "Predator.Environment.EpisodeLength.sum": {
            "value": 1755.0,
            "min": 1697.0,
            "max": 2122.0,
            "count": 375
        },
        "Predator.Step.mean": {
            "value": 749999.0,
            "min": 1997.0,
            "max": 749999.0,
            "count": 375
        },
        "Predator.Step.sum": {
            "value": 749999.0,
            "min": 1997.0,
            "max": 749999.0,
            "count": 375
        },
        "Predator.Policy.ExtrinsicValueEstimate.mean": {
            "value": 0.08869879692792892,
            "min": 0.0519050732254982,
            "max": 0.5320741534233093,
            "count": 375
        },
        "Predator.Policy.ExtrinsicValueEstimate.sum": {
            "value": 19.247638702392578,
            "min": 11.159590721130371,
            "max": 105.93109130859375,
            "count": 375
        },
        "Predator.Environment.CumulativeReward.mean": {
            "value": 0.08556866906754981,
            "min": 0.08556866906754981,
            "max": 0.7634549164304546,
            "count": 375
        },
        "Predator.Environment.CumulativeReward.sum": {
            "value": 18.56840118765831,
            "min": 9.506799958646297,
            "max": 131.107802182436,
            "count": 375
        },
        "Predator.Policy.ExtrinsicReward.mean": {
            "value": 0.08556866906754981,
            "min": 0.08556866906754981,
            "max": 0.7634549164304546,
            "count": 375
        },
        "Predator.Policy.ExtrinsicReward.sum": {
            "value": 18.56840118765831,
            "min": 9.506799958646297,
            "max": 131.107802182436,
            "count": 375
        },
        "Predator.IsTraining.mean": {
            "value": 1.0,
            "min": 1.0,
            "max": 1.0,
            "count": 375
        },
        "Predator.IsTraining.sum": {
            "value": 1.0,
            "min": 1.0,
            "max": 1.0,
            "count": 375
        },
        "Hunter.Policy.Entropy.mean": {
            "value": 1.1857318878173828,
            "min": 1.1856273412704468,
            "max": 1.4189386367797852,
            "count": 375
        },
        "Hunter.Policy.Entropy.sum": {
            "value": 2300.31982421875,
            "min": 2280.62548828125,
            "max": 3206.80126953125,
            "count": 375
        },
        "Hunter.Environment.EpisodeLength.mean": {
            "value": 8.125,
            "min": 6.317518248175182,
            "max": 55.371428571428574,
            "count": 375
        },
        "Hunter.Environment.EpisodeLength.sum": {
            "value": 1755.0,
            "min": 1697.0,
            "max": 2122.0,
            "count": 375
        },
        "Hunter.Step.mean": {
            "value": 749999.0,
            "min": 1997.0,
            "max": 749999.0,
            "count": 375
        },
        "Hunter.Step.sum": {
            "value": 749999.0,
            "min": 1997.0,
            "max": 749999.0,
            "count": 375
        },
        "Hunter.Policy.ExtrinsicValueEstimate.mean": {
            "value": 0.7880510091781616,
            "min": -0.3330462872982025,
            "max": 0.8896619081497192,
            "count": 375
        },
        "Hunter.Policy.ExtrinsicValueEstimate.sum": {
            "value": 171.00706481933594,
            "min": -22.64714813232422,
            "max": 219.20040893554688,
            "count": 375
        },
        "Hunter.Environment.CumulativeReward.mean": {
            "value": 1.3113751681972174,
            "min": -0.5992901829053082,
            "max": 1.3113751681972174,
            "count": 375
        },
        "Hunter.Environment.CumulativeReward.sum": {
            "value": 284.5684114987962,
            "min": -30.563799328170717,
            "max": 286.59641321585514,
            "count": 375
        },
        "Hunter.Policy.ExtrinsicReward.mean": {
            "value": 1.3113751681972174,
            "min": -0.5992901829053082,
            "max": 1.3113751681972174,
            "count": 375
        },
        "Hunter.Policy.ExtrinsicReward.sum": {
            "value": 284.5684114987962,
            "min": -30.563799328170717,
            "max": 286.59641321585514,
            "count": 375
        },
        "Hunter.IsTraining.mean": {
            "value": 1.0,
            "min": 1.0,
            "max": 1.0,
            "count": 375
        },
        "Hunter.IsTraining.sum": {
            "value": 1.0,
            "min": 1.0,
            "max": 1.0,
            "count": 375
        },
        "Predator.Losses.PolicyLoss.mean": {
            "value": 0.06393035175157517,
            "min": 0.047962453526755176,
            "max": 0.09197169229931508,
            "count": 364
        },
        "Predator.Losses.PolicyLoss.sum": {
            "value": 0.06393035175157517,
            "min": 0.047962453526755176,
            "max": 0.09197169229931508,
            "count": 364
        },
        "Predator.Losses.ValueLoss.mean": {
            "value": 0.42039481612543267,
            "min": 0.04976752020108203,
            "max": 0.46251208148896694,
            "count": 364
        },
        "Predator.Losses.ValueLoss.sum": {
            "value": 0.42039481612543267,
            "min": 0.04976752020108203,
            "max": 0.46251208148896694,
            "count": 364
        },
        "Predator.Policy.LearningRate.mean": {
            "value": 3.400998866666625e-07,
            "min": 3.400998866666625e-07,
            "max": 0.00029916480027839996,
            "count": 364
        },
        "Predator.Policy.LearningRate.sum": {
            "value": 3.400998866666625e-07,
            "min": 3.400998866666625e-07,
            "max": 0.00029916480027839996,
            "count": 364
        },
        "Predator.Policy.Epsilon.mean": {
            "value": 0.10011333333333332,
            "min": 0.10011333333333332,
            "max": 0.19972159999999997,
            "count": 364
        },
        "Predator.Policy.Epsilon.sum": {
            "value": 0.10011333333333332,
            "min": 0.10011333333333332,
            "max": 0.19972159999999997,
            "count": 364
        },
        "Predator.Policy.Beta.mean": {
            "value": 0.005,
            "min": 0.005,
            "max": 0.005,
            "count": 364
        },
        "Predator.Policy.Beta.sum": {
            "value": 0.005,
            "min": 0.005,
            "max": 0.005,
            "count": 364
        },
        "Hunter.Losses.PolicyLoss.mean": {
            "value": 0.07183884854021017,
            "min": 0.05024902697914513,
            "max": 0.10012773292449613,
            "count": 364
        },
        "Hunter.Losses.PolicyLoss.sum": {
            "value": 0.07183884854021017,
            "min": 0.05024902697914513,
            "max": 0.10012773292449613,
            "count": 364
        },
        "Hunter.Losses.ValueLoss.mean": {
            "value": 1.0756386891007423,
            "min": 0.0834931309024493,
            "max": 1.1382858455181122,
            "count": 364
        },
        "Hunter.Losses.ValueLoss.sum": {
            "value": 1.0756386891007423,
            "min": 0.0834931309024493,
            "max": 1.1382858455181122,
            "count": 364
        },